{
  "Овен": "Ви будете відчувати енергійність та мотивацію. Займіться вирішенням важливих справ!",
  "Телець": "Сьогодні сприятливий день для фінансових рішень. Будьте уважні до деталей.",
  "Близнюки": "Очікуйте нові знайомства та цікаві пропозиції. Приділяйте час спілкуванню.",
  "Рак": "Сьогодні час зайнятися сімейними справами та домашніми питаннями.",
  "Лев": "Ви будете у центрі уваги. Використайте це для реалізації своїх планів.",
  "Діва": "Присвятіть день саморозвитку та організації робочих справ.",
  "Терези": "Сприятливий день для переговорів та нових знайомств.",
  "Скорпіон": "Енергія дня допоможе завершити давно розпочаті справи.",
  "Стрілець": "Сьогодні ви можете зустріти нові можливості та цікаві ідеї.",
  "Козеріг": "Сконцентруйтеся на роботі та фінансових питаннях.",
  "Водолій": "Ви отримаєте нову інформацію, яка може вплинути на рішення.",
  "Риби": "Сприятливий день для творчості та спілкування з близькими."
}
